{
	"format_version": "1.8.0",
	"animations": {
		"animation.bocek.idle": {
			"loop": true,
			"animation_length": 1.8667,
			"bones": {
				"r": {
					"rotation": [0, 0, 0]
				},
				"wing0": {
					"rotation": {
						"0.0": [7.85227, -25.04851, -24.89805],
						"0.3333": [7.85227, -25.04851, -24.89805],
						"0.3667": [8.74784, -26.73607, -26.9485],
						"0.9917": [8.74784, -26.73607, -26.9485],
						"1.0167": [9.61295, -27.862, -28.58268],
						"1.3583": [9.61295, -27.862, -28.58268],
						"1.3833": [7.85227, -25.04851, -24.89805],
						"1.8667": [7.85227, -25.04851, -24.89805]
					}
				},
				"wing1": {
					"rotation": {
						"0.0": {
							"post": [0, 67.5, 0],
							"lerp_mode": "catmullrom"
						},
						"0.4": {
							"post": [0, 67.5, 0],
							"lerp_mode": "catmullrom"
						},
						"0.4417": {
							"post": [0, 77.5, 0],
							"lerp_mode": "catmullrom"
						},
						"0.975": {
							"post": [0, 77.5, 0],
							"lerp_mode": "catmullrom"
						},
						"1.0083": {
							"post": [0, 70, 0],
							"lerp_mode": "catmullrom"
						},
						"1.3167": {
							"post": [0, 70, 0],
							"lerp_mode": "catmullrom"
						},
						"1.3583": {
							"post": [0, 72.5, 0],
							"lerp_mode": "catmullrom"
						},
						"1.8333": {
							"post": [0, 72.5, 0],
							"lerp_mode": "catmullrom"
						},
						"1.8667": {
							"post": [0, 67.5, 0],
							"lerp_mode": "catmullrom"
						}
					}
				},
				"wing1Root": {
					"rotation": {
						"0.0": [6.59238, -28.12658, -25.89615],
						"0.4": [6.59238, -28.12658, -25.89615],
						"0.4417": [11.1632, -34.81601, -34.62412],
						"0.975": [11.1632, -34.81601, -34.62412],
						"1.0083": [7.59472, -29.85262, -27.96391],
						"1.3167": [7.59472, -29.85262, -27.96391],
						"1.3583": [8.68736, -31.54532, -30.10372],
						"1.8333": [8.68736, -31.54532, -30.10372],
						"1.8667": [6.59238, -28.12658, -25.89615]
					}
				},
				"wing2Root": {
					"rotation": {
						"0.0": [5.67574, 26.3705, 23.8945],
						"0.2667": [5.67574, 26.3705, 23.8945],
						"0.3083": [3.39837, 20.95136, 18.23007],
						"0.7417": [3.39837, 20.95136, 18.23007],
						"0.775": [6.21569, 27.42758, 25.08788],
						"1.375": [6.21569, 27.42758, 25.08788],
						"1.4167": [5.50231, 26.01596, 23.50159],
						"1.8333": [5.50231, 26.01596, 23.50159],
						"1.8667": [5.67574, 26.3705, 23.8945]
					}
				},
				"wing2": {
					"rotation": {
						"0.0": {
							"post": [0, -65, 0],
							"lerp_mode": "catmullrom"
						},
						"0.2667": {
							"post": [0, -65, 0],
							"lerp_mode": "catmullrom"
						},
						"0.3083": {
							"post": [0, -57.5, 0],
							"lerp_mode": "catmullrom"
						},
						"0.7417": {
							"post": [0, -57.5, 0],
							"lerp_mode": "catmullrom"
						},
						"0.775": {
							"post": [0, -67.5, 0],
							"lerp_mode": "catmullrom"
						},
						"1.375": {
							"post": [0, -67.5, 0],
							"lerp_mode": "catmullrom"
						},
						"1.4167": {
							"post": [0, -65, 0],
							"lerp_mode": "catmullrom"
						},
						"1.8333": {
							"post": [0, -65, 0],
							"lerp_mode": "catmullrom"
						},
						"1.8667": {
							"post": [0, -65, 0],
							"lerp_mode": "catmullrom"
						}
					}
				},
				"shake": {
					"position": {
						"0.0": {
							"post": [0, 0, 0],
							"lerp_mode": "catmullrom"
						},
						"0.1333": {
							"post": [-0.015, 0.015, 0.01],
							"lerp_mode": "catmullrom"
						},
						"0.2917": {
							"post": [0.015, 0, -0.002],
							"lerp_mode": "catmullrom"
						},
						"0.475": {
							"post": [-0.015, 0.015, 0.01],
							"lerp_mode": "catmullrom"
						},
						"0.625": {
							"post": [-0.015, -0.014, 0.001],
							"lerp_mode": "catmullrom"
						},
						"0.7583": {
							"post": [0.015, 0, -0.002],
							"lerp_mode": "catmullrom"
						},
						"0.925": {
							"post": [-0.015, 0.015, 0.01],
							"lerp_mode": "catmullrom"
						},
						"1.0917": {
							"post": [-0.015, -0.014, 0.001],
							"lerp_mode": "catmullrom"
						},
						"1.2917": {
							"post": [-0.015, 0.015, 0.01],
							"lerp_mode": "catmullrom"
						},
						"1.4583": {
							"post": [0.015, 0, -0.002],
							"lerp_mode": "catmullrom"
						},
						"1.575": {
							"post": [-0.015, -0.014, 0.001],
							"lerp_mode": "catmullrom"
						},
						"1.725": {
							"post": [0.015, 0, -0.002],
							"lerp_mode": "catmullrom"
						},
						"1.8667": {
							"post": [0, 0, 0],
							"lerp_mode": "catmullrom"
						}
					}
				}
			}
		},
		"animation.bocek.edit": {
			"loop": "hold_on_last_frame",
			"animation_length": 0.4083,
			"bones": {
				"0": {
					"rotation": {
						"0.0": {
							"post": [0, 0, 0],
							"lerp_mode": "catmullrom"
						},
						"0.0667": {
							"post": [-13.37397, -18.59699, -1.83212],
							"lerp_mode": "catmullrom"
						},
						"0.15": {
							"post": [-17.77391, -60.1281, -10.99134],
							"lerp_mode": "catmullrom"
						},
						"0.3": {
							"post": [4.29, -70.22, -13.22],
							"lerp_mode": "catmullrom"
						},
						"0.3583": {
							"post": [2.28664, -70.21598, -13.21611],
							"lerp_mode": "catmullrom"
						},
						"0.4083": {
							"post": [2.18, -70.22, -13.22],
							"lerp_mode": "catmullrom"
						}
					},
					"position": {
						"0.0": {
							"post": [0, 0, 0],
							"lerp_mode": "catmullrom"
						},
						"0.0583": {
							"post": [1.22297, 0.37811, -1.26375],
							"lerp_mode": "catmullrom"
						},
						"0.1167": {
							"post": [0.12132, 1.14111, -1.71705],
							"lerp_mode": "catmullrom"
						},
						"0.3": {
							"post": [8.49002, 10.03958, -4.07823],
							"lerp_mode": "catmullrom"
						},
						"0.3583": {
							"post": [4.27378, 9.39346, -4.09756],
							"lerp_mode": "catmullrom"
						},
						"0.4083": {
							"post": [6.9, 9.9, -4.09],
							"lerp_mode": "catmullrom"
						}
					}
				},
				"Lefthand": {
					"rotation": [-51.42913, -7.99833, 65.60001],
					"position": [21.85, -19.65, 7],
					"scale": 0
				},
				"Righthand": {
					"rotation": [72.69469, -60.09451, -36.63152],
					"position": [19, -18.6, 14.8],
					"scale": 0
				}
			}
		},
		"animation.bocek.run": {
			"loop": true,
			"animation_length": 0.8333,
			"bones": {
				"camera": {
					"rotation": {
						"0.0": {
							"post": [-0.3, -0.3, 0.3],
							"lerp_mode": "catmullrom"
						},
						"0.2083": {
							"post": [0.3, 0, -0.3],
							"lerp_mode": "catmullrom"
						},
						"0.4167": {
							"post": [-0.3, 0.3, 0.3],
							"lerp_mode": "catmullrom"
						},
						"0.625": {
							"post": [0.3, 0, -0.3],
							"lerp_mode": "catmullrom"
						},
						"0.8333": {
							"post": [-0.3, -0.3, 0.3],
							"lerp_mode": "catmullrom"
						}
					}
				},
				"move": {
					"rotation": {
						"0.0": {
							"post": [10, -10, 5],
							"lerp_mode": "catmullrom"
						},
						"0.2083": {
							"post": [5, -4, 1],
							"lerp_mode": "catmullrom"
						},
						"0.4167": {
							"post": [10, -2, -7.5],
							"lerp_mode": "catmullrom"
						},
						"0.625": {
							"post": [5, -6, -10],
							"lerp_mode": "catmullrom"
						},
						"0.8333": {
							"post": [10, -10, 5],
							"lerp_mode": "catmullrom"
						}
					},
					"position": {
						"0.0": {
							"post": [2.49619, -2.07196, 0.17365],
							"lerp_mode": "catmullrom"
						},
						"0.2083": {
							"post": [-0.25, 0.5, 0],
							"lerp_mode": "catmullrom"
						},
						"0.4167": {
							"post": [-2.4969, -2.11525, 0.13864],
							"lerp_mode": "catmullrom"
						},
						"0.625": {
							"post": [-0.25, 0.5, 0],
							"lerp_mode": "catmullrom"
						},
						"0.8333": {
							"post": [2.49619, -2.07196, 0.17365],
							"lerp_mode": "catmullrom"
						}
					}
				}
			}
		},
		"animation.bocek.run_fast": {
			"loop": true,
			"animation_length": 0.6,
			"bones": {
				"camera": {
					"rotation": {
						"0.0": {
							"post": [-0.3, -0.3, 0.3],
							"lerp_mode": "catmullrom"
						},