{
	"format_version": "1.8.0",
	"animations": {
		"animation.javelin.idle": {
			"loop": true
		},
		"animation.javelin.draw": {
			"animation_length": 2,
			"bones": {
				"0": {
					"rotation": {
						"0.0": {
							"vector": [27.21312, -47.42646, -2.0218]
						},
						"0.2917": {
							"vector": [12.5, -15, 0]
						},
						"0.7083": {
							"vector": [3.48268, 0.40464, 8.20687]
						},
						"1.2083": {
							"vector": [0, 0, -2]
						},
						"1.4167": {
							"vector": [0, 0, 0]
						}
					},
					"position": {
						"0.0": {
							"vector": [3, -17.3, 0]
						},
						"0.7083": {
							"vector": [0, 0, -1.65]
						},
						"0.9167": {
							"vector": [0, 0, 0.93]
						},
						"1.4167": {
							"vector": [0, 0, 0]
						}
					}
				},
				"camera": {
					"rotation": {
						"0.0": {
							"vector": [0, 0, 0]
						},
						"0.7083": {
							"vector": [0, 0, 0]
						},
						"1.0833": {
							"vector": [0.25, -0.5, 0.5],
							"easing": "easeInSine"
						},
						"1.4583": {
							"vector": [0, 0, 0],
							"easing": "easeOutSine"
						}
					}
				}
			}
		},
		"animation.javelin.reload": {
			"loop": "hold_on_last_frame",
			"animation_length": 4,
			"bones": {
				"0": {
					"rotation": {
						"0.0": {
							"vector": [0, 0, 0]
						},
						"0.5": {
							"vector": [12.79362, -12.19908, 12.25285],
							"easing": "easeInElastic"
						},
						"0.75": {
							"vector": [9.75, -9.23, 11.75]
						},
						"0.95": {
							"vector": [11.79522, -11.04857, 7.28498]
						},
						"1.1": {
							"vector": [12.31362, -10.46218, 4.49843]
						},
						"1.2": {
							"vector": [11.4055, -11.45078, 9.28251]
						},
						"1.3": {
							"vector": [12.35592, -10.41977, 4.29668],
							"easing": "easeInElastic"
						},
						"1.45": {
							"vector": [11.6067, -11.25048, 8.28056]
						},
						"1.65": {
							"vector": [11.98892, -10.84152, 6.28585]
						},
						"2.05": {
							"vector": [5.79574, -6.02586, 7.24999]
						},
						"2.25": {
							"vector": [7.92196, -6.92206, 8.3785]
						},
						"2.45": {
							"vector": [4.04818, -7.81825, 9.50702]
						},
						"2.85": {
							"vector": [2.88997, -3.00619, 6.1271]
						},
						"2.95": {
							"vector": [2.3539, -8.5762, 8.5272]
						},
						"3.05": {
							"vector": [2.03364, -1.90533, 5.41921]
						},
						"3.35": {
							"vector": [-3.8135, -0.9118, -6.85724]
						},
						"3.5": {
							"vector": [0, 0, -2]
						},
						"3.7": {
							"vector": [0, 0, 0]
						}
					},
					"position": {
						"0.0": {
							"vector": [0, 0, 0]
						},
						"0.6": {
							"vector": [2, -3, 0],
							"easing": "easeInElastic"
						},
						"0.8": {
							"vector": [1.12822, -2.67429, -0.19599]
						},
						"0.95": {
							"vector": [1.7, -3, 0]
						},
						"1.1": {
							"vector": [2.14, -3.38, 0]
						},
						"1.2": {
							"vector": [1.6, -3.3, 0]
						},
						"1.3": {
							"vector": [1.12462, -3.83058, 0.15]
						},
						"1.45": {
							"vector": [0.99786, -3.41627, 0.03205]
						},
						"1.75": {
							"vector": [1.13479, -3.63167, 0.1024]
						},
						"2.25": {
							"vector": [1.02177, -3.65324, 0.10105]
						},
						"2.85": {
							"vector": [0.99199, -3.01733, 0.00368]
						},
						"2.95": {
							"vector": [0.85832, -4.31036, 0.07675]
						},
						"3.05": {
							"vector": [0, -0.98, 0.5]
						},
						"3.2": {
							"vector": [-0.47388, 0.04235, 0.71917]
						},
						"3.4": {
							"vector": [0, 0, 0.93]
						},
						"3.55": {
							"vector": [0, 0, -0.3]
						},
						"3.7": {
							"vector": [0, 0, 0]
						}
					}
				},
				"tong": {
					"rotation": {
						"1.1": {
							"vector": [0, 0, 0]
						},
						"1.2": {
							"vector": [0, 0, 8]
						},
						"1.3": {
							"vector": [0, 0, -9]
						},
						"1.4": {
							"vector": [-18, 0, -19.44444]
						},
						"1.65": {
							"vector": [26.36182, -9.17441, -137.87933]
						},
						"2.35": {
							"vector": [26.36182, -9.17441, -137.87933]
						},
						"2.45": {
							"vector": [21, 0, -19.44444]
						},
						"2.65": {
							"vector": [-7.18076, 7.51466, -11.75196]
						},
						"2.85": {
							"vector": [0, 0, 8]
						},
						"3.0": {
							"vector": [0, 0, 0]
						}
					},
					"position": {
						"1.2": {
							"vector": [0, 0, 0]
						},
						"1.3": {
							"vector": [0.10557, -0.66654, 2.92311]
						},
						"1.4": {
							"vector": [-6.31004, -1.27247, 2.50163]
						},
						"1.5": {
							"vector": [-11.56218, -9.5433, 1.07822]
						},
						"1.65": {
							"vector": [-13.50237, -24.77616, -3.14931]
						},
						"2.35": {
							"vector": [-13.50237, -24.77616, -3.14931]
						},
						"2.5": {
							"vector": [-6.31004, -1.27247, 2.50163]
						},
						"2.65": {
							"vector": [-3.58866, -0.76398, 3.64641]
						},
						"2.85": {
							"vector": [0, 0, 0]
						}
					}
				},
				"camera": {
					"rotation": {
						"0.0": {
							"vector": [0, 0, 0]
						},
						"0.15": {
							"vector": [1, 0, -3]
						},
						"0.35": {
							"vector": [0.8, 0, -1.5]
						},
						"0.5": {
							"vector": [0.5, 0, -1.5]
						},
						"0.9": {
							"vector": [-1, 0, -2.8]
						},
						"1.25": {
							"vector": [0.43, -1.5, -1.5]
						},
						"1.35": {
							"vector": [-0.8, 2.5, 1.5]
						},
						"1.65": {
							"vector": [-0.8, 0, -0.75]
						},
						"1.85": {
							"vector": [1, -0.59, -0.59]
						},
						"2.0": {
							"vector": [0.44, -0.26, 1.5]
						},
						"2.15": {
							"vector": [0.18, -0.11, -0.5]
						},
						"2.35": {
							"vector": [0.05, -0.03, 0.2]
						},
						"2.55": {
							"vector": [0, 0, 0],
							"easing": "easeOutSine"
						},
						"2.85": {
							"vector": [0.43, -1.5, -1.5]
						},
						"2.95": {
							"vector": [-0.8, 2.5, 1.5]
						},
						"3.1": {
							"vector": [-0.8, 0, -0.75]
						},
						"3.25": {
							"vector": [-0.36, 0, 0.67]
						},
						"3.35": {
							"vector": [-0.32, 0.5, -0.45]
						},
						"3.45": {
							"vector": [-0.05, -0.33, 0.3]
						},
						"3.55": {
							"vector": [0.5, -2, -2]
						},
						"3.7": {
							"vector": [0, 0, 0]
						}
					}
				},
				"Righthand": {
					"rotation": {
						"0.65": {
							"vector": [0, 0, 0]
						},
						"0.8": {
							"vector": [51.7535, -6.84439, 4.60635]
						},
						"0.9": {
							"vector": [76.42483, -15.97024, 10.74814]
						},
						"1.1": {
							"vector": [76.42483, -15.97024, 10.74814]
						},
						"1.2": {
							"vector": [76.42284, -16.14404, 12.74058]
						},
						"1.3": {
							"vector": [82.28453, -14.2459, 2.92096]
						},
						"1.4": {
							"vector": [80.65985, -10.00387, -20.76159]
						},
						"1.5": {
							"vector": [78.80452, -7.82779, -35.71867]
						},
						"1.75": {
							"vector": [2.80452, -7.82779, -35.71867]
						},
						"2.45": {
							"vector": [49.65, -13.12, -4.88]
						},
						"2.6": {
							"vector": [79.75124, -23.16054, 0.43122]
						},
						"2.85": {
							"vector": [76.42284, -16.14404, 12.74058]
						},
						"3.05": {
							"vector": [76.42483, -15.97024, 10.74814]
						},
						"3.15": {
							"vector": [76.42483, -15.97024, 10.74814]
						},
						"3.25": {
							"vector": [51.7535, -6.84439, 4.60635]
						},
						"3.35": {
							"vector": [0, 0, 0]
						}
					},
					"position": {
						"0.65": {
							"vector": [0, 0, 0]
						},
						"0.8": {
							"vector": [-2.47, -2.5, 3.46]
						},
						"0.9": {
							"vector": [-1.8, 2.1, -2.2]
						},
						"1.1": {
							"vector": [-1.8, 2.1, -2.2]
						},
						"1.2": {
							"vector": [-2.1, 2.8, -2.2]
						},
						"1.3": {
							"vector": [-0.4, -0.3, -2.2]
						},
						"1.4": {
							"vector": [-1, -3.3, -2.2]
						},
						"1.5": {
							"vector": [-1.9, -10.3, -2.2]
						},
						"2.45": {
							"vector": [-8.74, -5.38, 2.4]
						},