{
	"format_version": "1.8.0",
	"animations": {
		"animation.jvm.idle": {
			"loop": "hold_on_last_frame",
			"animation_length": 10.1,
			"bones": {
				"wing1": {
					"rotation": {
						"0.2667": [0, 0, 0],
						"0.3167": [0, 105, 0]
					}
				},
				"wing2": {
					"rotation": {
						"0.2667": [0, 0, 0],
						"0.3167": [0, 105, 0]
					}
				},
				"wing3": {
					"rotation": {
						"0.2667": [0, 0, 0],
						"0.3167": [0, 105, 0]
					}
				},
				"wing4": {
					"rotation": {
						"0.2667": [0, 0, 0],
						"0.3167": [0, 105, 0]
					}
				},
				"wing5": {
					"rotation": {
						"0.2667": [0, 0, 0],
						"0.3167": [0, 105, 0]
					}
				},
				"wing6": {
					"rotation": {
						"0.2667": [0, 0, 0],
						"0.3167": [0, 105, 0]
					}
				},
				"wing7": {
					"rotation": {
						"0.2667": [0, 0, 0],
						"0.3167": [0, 105, 0]
					}
				},
				"wing8": {
					"rotation": {
						"0.2667": [0, 0, 0],
						"0.3167": [0, 105, 0]
					}
				},
				"body": {
					"rotation": {
						"0.0": [0, 0, 0],
						"10.0": [0, 21600, 0]
					}
				},
				"wing9": {
					"rotation": {
						"0.2667": [0, 0, 0],
						"0.3167": [0, 105, 0]
					}
				},
				"wing10": {
					"rotation": {
						"0.2667": [0, 0, 0],
						"0.3167": [0, 105, 0]
					}
				},
				"wing11": {
					"rotation": {
						"0.2667": [0, 0, 0],
						"0.3167": [0, 105, 0]
					}
				},
				"wing12": {
					"rotation": {
						"0.2667": [0, 0, 0],
						"0.3167": [0, 105, 0]
					}
				},
				"flare": {
					"scale": {
						"0.0": [0, 0, 0],
						"0.3333": [0, 0, 0],
						"0.3833": [1.5, 1.5, 1.5],
						"0.4": [1, 1, 1],
						"0.5333": [1.07048, 1.07048, 1.07048],
						"0.6167": [1.1, 1.1, 1.1],
						"0.8": [0.99564, 0.99564, 0.99564],
						"0.8833": [0.95632, 0.95632, 0.95632],
						"0.9": [0.955, 0.955, 0.955],
						"1.1167": [1.01085, 1.01085, 1.01085],
						"1.2833": [1.05, 1.05, 1.05],
						"1.5": [1.0079, 1.0079, 1.0079],
						"1.7": [0.97, 0.97, 0.97],
						"1.9167": [1.005, 1.005, 1.005],
						"2.1333": [1.04, 1.04, 1.04],
						"2.2833": [0.97737, 0.97737, 0.97737],
						"2.3667": [0.955, 0.955, 0.955],
						"2.5833": [1.01085, 1.01085, 1.01085],
						"2.75": [1.05, 1.05, 1.05],
						"2.9667": [1.0079, 1.0079, 1.0079],
						"3.1667": [0.97, 0.97, 0.97],
						"3.3833": [1.005, 1.005, 1.005],
						"3.6": [1.04, 1.04, 1.04],
						"3.6833": [1.00185, 1.00185, 1.00185],
						"3.7333": [0.95134, 0.95134, 0.95134],
						"3.75": [0.94107, 0.94107, 0.94107],
						"3.7667": [0.94129, 0.94129, 0.94129],
						"3.7833": [0.955, 0.955, 0.955],
						"3.8": [0.96853, 0.96853, 0.96853],
						"4.0167": [1.00672, 1.00672, 1.00672],
						"4.1333": [1.02876, 1.02876, 1.02876],
						"4.15": [1.03647, 1.03647, 1.03647],
						"4.1667": [1.05, 1.05, 1.05],
						"4.1833": [1.06006, 1.06006, 1.06006],
						"4.4": [1.00033, 1.00033, 1.00033],
						"4.5333": [0.9592, 0.9592, 0.9592],
						"4.5667": [0.95994, 0.95994, 0.95994],
						"4.5833": [0.97, 0.97, 0.97],
						"4.6": [0.98259, 0.98259, 0.98259],
						"4.8167": [1.00534, 1.00534, 1.00534],
						"4.9833": [1.02089, 1.02089, 1.02089],
						"5.0": [1.02741, 1.02741, 1.02741],
						"5.0167": [1.04, 1.04, 1.04],
						"5.0333": [1.05377, 1.05377, 1.05377],
						"5.25": [1.05274, 1.05274, 1.05274],
						"5.3667": [1.04, 1.04, 1.04],
						"5.45": [1.00185, 1.00185, 1.00185],
						"5.5": [0.95134, 0.95134, 0.95134],
						"5.5167": [0.94107, 0.94107, 0.94107],
						"5.5333": [0.94129, 0.94129, 0.94129],
						"5.55": [0.955, 0.955, 0.955],
						"5.5667": [0.96853, 0.96853, 0.96853],
						"5.7833": [1.00672, 1.00672, 1.00672],
						"5.9": [1.02876, 1.02876, 1.02876],
						"5.9167": [1.03647, 1.03647, 1.03647],
						"5.9333": [1.05, 1.05, 1.05],
						"5.95": [1.06006, 1.06006, 1.06006],
						"6.1667": [1.00033, 1.00033, 1.00033],
						"6.3": [0.9592, 0.9592, 0.9592],
						"6.3333": [0.95994, 0.95994, 0.95994],
						"6.35": [0.97, 0.97, 0.97],
						"6.3667": [0.98259, 0.98259, 0.98259],
						"6.5833": [1.00534, 1.00534, 1.00534],
						"6.75": [1.02089, 1.02089, 1.02089],
						"6.7667": [1.02741, 1.02741, 1.02741],
						"6.7833": [1.04, 1.04, 1.04],
						"6.8": [1.05562, 1.05562, 1.05562],
						"7.0": [1.04056, 1.04056, 1.04056],
						"7.0167": [1.04, 1.04, 1.04],
						"7.1": [1.00185, 1.00185, 1.00185],
						"7.15": [0.95134, 0.95134, 0.95134],
						"7.1667": [0.94107, 0.94107, 0.94107],
						"7.1833": [0.94129, 0.94129, 0.94129],
						"7.2": [0.955, 0.955, 0.955],
						"7.2167": [0.96853, 0.96853, 0.96853],
						"7.4333": [1.00672, 1.00672, 1.00672],
						"7.55": [1.02876, 1.02876, 1.02876],
						"7.5667": [1.03647, 1.03647, 1.03647],
						"7.5833": [1.05, 1.05, 1.05],
						"7.6": [1.06006, 1.06006, 1.06006],
						"7.8167": [1.00033, 1.00033, 1.00033],
						"7.95": [0.9592, 0.9592, 0.9592],
						"7.9833": [0.95994, 0.95994, 0.95994],
						"8.0": [0.97, 0.97, 0.97],
						"8.0167": [0.98259, 0.98259, 0.98259],
						"8.2333": [1.00534, 1.00534, 1.00534],
						"8.4": [1.02089, 1.02089, 1.02089],
						"8.4167": [1.02741, 1.02741, 1.02741],
						"8.4333": [1.04, 1.04, 1.04],
						"8.45": [1.05529, 1.05529, 1.05529],
						"8.6667": [1.04055, 1.04055, 1.04055],
						"8.6833": [1.04, 1.04, 1.04],
						"8.7667": [1.00185, 1.00185, 1.00185],
						"8.8167": [0.95134, 0.95134, 0.95134],
						"8.8333": [0.94107, 0.94107, 0.94107],
						"8.85": [0.94129, 0.94129, 0.94129],
						"8.8667": [0.955, 0.955, 0.955],
						"8.8833": [0.96853, 0.96853, 0.96853],
						"9.1": [1.00672, 1.00672, 1.00672],
						"9.2167": [1.02876, 1.02876, 1.02876],
						"9.2333": [1.03647, 1.03647, 1.03647],
						"9.25": [1.05, 1.05, 1.05],
						"9.2667": [1.06006, 1.06006, 1.06006],
						"9.4833": [1.00033, 1.00033, 1.00033],
						"9.6167": [0.9592, 0.9592, 0.9592],
						"9.65": [0.95994, 0.95994, 0.95994],
						"9.6667": [0.97, 0.97, 0.97],
						"9.6833": [0.98259, 0.98259, 0.98259],
						"9.9": [1.00534, 1.00534, 1.00534],
						"10.0667": [1.02089, 1.02089, 1.02089],
						"10.0833": [1.02741, 1.02741, 1.02741],
						"10.1": [1.04, 1.04, 1.04]
					}
				}
			}
		}
	}
}