{
	"format_version": "1.8.0",
	"animations": {
		"animation.rpg.idle": {
			"loop": true,
			"animation_length": 1,
			"bones": {
				"Rockets": {
					"rotation": [0, 0, 0],
					"position": [0, 0, 0]
				}
			}
		},
		"animation.rpg.run": {
			"loop": true,
			"animation_length": 0.8,
			"bones": {
				"0": {
					"rotation": {
						"0.0": [14.01931, 1.43241, 2.77989],
						"0.2": [9.37348, 2.99239, 8.65204],
						"0.4": [14.01931, 1.43241, 2.77989],
						"0.6": [14.03728, 0.24759, -2.78126],
						"0.8": [14.01931, 1.43241, 2.77989]
					},
					"position": {
						"0.0": [0, -2, 0],
						"0.2": [-1, -1, 0],
						"0.4": [-2, -2, 0],
						"0.6": [-1, -1, 0],
						"0.8": [0, -2, 0]
					}
				},
				"Rockets": {
					"rotation": [0, 0, 0],
					"position": [0, 0, 0]
				},
				"camera": {
					"rotation": {
						"0.0": [-0.3, -0.3, 0.3],
						"0.2": [0.3, 0, -0.3],
						"0.4": [-0.3, 0.3, 0.3],
						"0.6": [0.3, 0, -0.3],
						"0.8": [-0.3, -0.3, 0.3]
					}
				}
			}
		},
		"animation.rpg.run_fast": {
			"loop": true,
			"animation_length": 0.7,
			"bones": {
				"0": {
					"rotation": {
						"0.0": [-13.3263, 7.54702, 1.59969],
						"0.175": [-27.62174, 12.50143, 4.04527],
						"0.35": [-13.035, 17.54299, 1.66321],
						"0.525": [-23.67296, 3.37897, -3.44474],
						"0.7": [-13.3263, 7.54702, 1.59969]
					},
					"position": {
						"0.0": [-1, 2, 1],
						"0.175": [-2, 3, 1],
						"0.35": [-3, 2, 1],
						"0.525": [-2, 3, 1],
						"0.7": [-1, 2, 1]
					}
				},
				"Rockets": {
					"rotation": [0, 0, 0],
					"position": [0, 0, 0]
				},
				"Lefthand": {
					"rotation": [-26.58235, 45.45121, -16.52546],
					"position": [16, -11, 14]
				},
				"camera": {
					"rotation": {
						"0.0": [-0.3, -0.3, 0.3],
						"0.175": [0.3, 0, -0.3],
						"0.35": [-0.3, 0.3, 0.3],
						"0.525": [0.3, 0, -0.3],
						"0.7": [-0.3, -0.3, 0.3]
					}
				}
			}
		},
		"animation.rpg.fire": {
			"animation_length": 0.1
		},
		"animation.rpg.reload": {
			"loop": "hold_on_last_frame",
			"animation_length": 5.4,
			"bones": {
				"0": {
					"rotation": {
						"0.0": [0, 0, 0],
						"0.3": [-23.31395, -25.76364, -10.66988],
						"0.7": [-44.37268, -49.19257, 10.03368],
						"1.3": [-27.73038, -42.18962, 6.42416],
						"1.8": [-28.34962, -39.52197, 9.88766],
						"2.0": [-33.12808, -39.32256, 10.00956],
						"2.2": [-33.87712, -43.87315, 14.13146],
						"2.5": [-35.01903, -45.92374, 13.25337],
						"3.0": [-46.8616, -49.59139, 11.78987],
						"3.2": [-44.19624, -57.02503, 6.84315],
						"3.4": [-36.97501, -56.94619, 6.41633],
						"3.5": [-38.97794, -38.26735, 14.07344],
						"3.6": [-36.87268, -49.19257, 10.03368],
						"4.0": [25.6001, -5.50887, 2.34743],
						"4.2": [0, 0, -8],
						"4.3": [3, 0, -3.24],
						"4.4": [-1, 0, 6.38],
						"4.6": [0, 0, -0.81],
						"4.8": [0, 0, 0]
					},
					"position": {
						"0.0": [0, 0, 0],
						"0.7": [-3.1, -8.7, -3.8],
						"1.3": [-2.3, -8.7, -3.45],
						"1.8": [-2, -8.1, -1],
						"2.0": [-2.56, -8.69, 0.95],
						"2.2": [-2.66, -9.19, 1.14],
						"2.5": [-1.85, -7.78, -1.08],
						"2.8": [-3.15, -9.64, -0.49],
						"3.0": [-2.54, -8.6, -0.37],
						"3.6": [-3.1, -8.7, 0],
						"3.8": [-3.07, -10.12, 0],
						"4.1": [-0.1, 0.1, 0],
						"4.3": [-0.09, -0.61, 0],
						"4.4": [-0.08, -0.19, 0],
						"4.8": [0, 0, 0]
					}
				},
				"Lefthand": {
					"rotation": {
						"0.0": [0, 0, 0],
						"0.1": [0, 0, 0],
						"0.5": [151.55576, 60.35259, -81.67492],
						"0.7": [89.3512, 27.37732, -22.0788],
						"1.0": [30.22, -0.48, 39.19],
						"1.3": [16.43222, -9.28199, 21.19995],
						"1.6": [-30.0445, -0.7732, 62.70294],
						"2.0": [-30.0445, -0.7732, 62.70294],
						"2.4": [-30.0445, -0.7732, 62.70294],
						"2.8": [-30.0445, -0.7732, 62.70294],
						"2.9": [-30.0445, -0.7732, 62.70294],
						"3.1": [-47.04, -0.77, 62.7],
						"3.2": [-47.04, -0.77, 62.7],
						"3.4": [-30.0445, -0.7732, 62.70294],
						"3.5": [-30.0445, -0.7732, 62.70294],
						"3.8": [0, 0, 0],
						"4.2": [-82.02315, 23.36903, 94.72001],
						"4.3": [-31.35775, -15.36973, 38.01427],
						"4.4": [-31.35775, -15.36973, 38.01427],
						"4.6": [0, 0, 0]
					},
					"position": {
						"0.0": [0, 0, 0],
						"0.1": [0, 0, 0],
						"0.4": [6.28, -12.24, -0.4],
						"0.5": [7.87, -2.17, 14.99],
						"0.7": [8.17, 5.95, 9.53],
						"0.9": [9.17, 12.9, 0.07],
						"1.0": [8.62, 12.63, -1.66],
						"1.3": [5.19, 5.44, -20.13],
						"1.6": [1.1, 3.65, -21.19],
						"1.7": [1.1, 3.65, -21.19],
						"2.0": [0.85, 3.65, -8.5],
						"2.1": [0.85, 3.65, -8.5],
						"2.3": [0.9, 3.95, -16.65],
						"2.4": [0.9, 3.95, -16.65],
						"2.8": [0.9, 3.95, -9.65],
						"2.9": [0.9, 3.95, -9.65],
						"3.1": [0.8, 4.3, -9.65],
						"3.2": [0.8, 4.3, -9.65],
						"3.4": [0.9, 3.95, -9.65],
						"3.5": [0.9, 3.95, -9.65],
						"3.8": [0, 0, 0],
						"4.1": [0.95, 0, 1.3],
						"4.4": [0.05, 0, 1.3],
						"4.6": [0, 0, 0]
					}
				},
				"rocket": {
					"rotation": {
						"0.0": [0, 0, 0],
						"1.0": [50.03342, 40.96166, 36.36963],
						"1.6": [0, 0, 0],
						"2.0": [0, 0, 0]
					},
					"position": {
						"0.0": [0, 0, 0],
						"1.0": [4.75, -9.25, 8.7],
						"1.6": [-0.2, 0, 3],
						"2.0": [0, 0, 0]
					}
				},
				"Rockets": {
					"rotation": {
						"0.0": [-91.57329, -16.40654, 19.78921],
						"0.4": [-91.57329, -16.40654, 19.78921],
						"0.9": [-10.55037, -3.20922, -5.20785],
						"1.1": [-9.75718, -7.31168, -2.47817],
						"1.2": [-11.52525, -13.10687, -0.82272],
						"1.3": [-7, -16, 0],
						"1.5": [-4.01089, -3.17565, 28.02732],
						"1.7": [0, 0, 0],
						"2.0": [0, 0, 0],
						"2.4": [0, 0, 0],
						"2.8": [0, 0, 0],
						"2.9": [0, 0, 0],
						"3.1": [0, 0, -37],
						"3.2": [0, 0, -37],
						"3.4": [0, 0, 0]
					},
					"position": {
						"0.0": [8.5, -4.7, 23.2],
						"0.4": [8.5, -4.7, 23.2],
						"0.5": [8.34, -0.42, 22.75],
						"0.6": [8.19, 3.86, 19.69],
						"0.7": [8.03, 6.94, 15.53],
						"0.8": [7.87, 9.35, 10.47],
						"0.9": [7.71, 10.36, 5.41],
						"1.0": [7.49, 10.59, -0.72],
						"1.1": [7.27, 9.22, -6.85],
						"1.2": [7.24, 6.31, -14.08],
						"1.3": [6.4, 3, -19.7],
						"1.5": [1.91, 0.88, -20.66],
						"1.7": [0, 0, -19.5],
						"2.0": [0, 0, -6.85],
						"2.4": [0, 0, -6.85],
						"2.8": [0, 0, 0],
						"2.9": [0, 0, 0],
						"3.4": [0, 0, 0]
					},
					"scale": {
						"0.0": [0, 0, 0],
						"0.4": [0, 0, 0],
						"0.5": [1, 1, 1]
					}
				},
				"Righthand": {
					"rotation": {
						"4.2": [0, 0, 0],
						"4.3": [4, -3, 8],
						"4.5": [0, 0, 0]
					},
					"position": {
						"4.2": [0, 0, 0],
						"4.3": [0, 0, 0],
						"4.5": [0, 0, 0]
					}
				},
				"camera": {
					"rotation": {
						"0.1": [0, 0, 0],
						"0.5": [1, 0, -3],
						"0.8": [0.8, 0, -1.5],
						"1.1": [0.5, 0, -1.5],
						"1.5": [-1, 0, -2.8],
						"1.8": [0.43, -1.5, -1.5],
						"1.9": [-0.8, 2.5, 1.5],
						"2.2": [-0.8, 0, -0.75],
						"2.6": [0.43, -1.5, -1.5],
						"2.7": [-0.8, 2.5, 1.5],
						"3.0": [-0.8, 0, -0.75],
						"3.2": [-0.36, 0, 0.67],
						"3.3": [-0.32, 0.5, -0.45],
						"3.4": [-0.05, -0.33, 0.3],
						"3.6": [0.5, -2, -2],
						"4.2": [1, -0.59, -0.59],
						"4.3": [0.44, -0.26, 1.5],
						"4.4": [0.18, -0.11, -0.5],
						"4.6": [0.05, -0.03, 0.2],
						"4.8": [0, 0, 0]
					}
				}
			},
			"sound_effects": {
				"0.0": {
					"effect": "rpg_reload"
				}
			}
		}
	}
}