{
	"format_version": "1.8.0",
	"animations": {
		"animation.rpg.idle": {
			"loop": "hold_on_last_frame",
			"animation_length": 6,
			"bones": {
				"wing1": {
					"rotation": {
						"0.2417": [0, 0, 0],
						"0.6": [0, 67.5, 0]
					}
				},
				"wing2": {
					"rotation": {
						"0.2417": [0, 0, 0],
						"0.6": [0, 67.5, 0]
					}
				},
				"wing3": {
					"rotation": {
						"0.2417": [0, 0, 0],
						"0.6": [0, 67.5, 0]
					}
				},
				"wing4": {
					"rotation": {
						"0.2417": [0, 0, 0],
						"0.6": [0, 67.5, 0]
					}
				},
				"wing5": {
					"rotation": {
						"0.2417": [0, 0, 0],
						"0.6": [0, 67.5, 0]
					}
				},
				"wing6": {
					"rotation": {
						"0.2417": [0, 0, 0],
						"0.6": [0, 67.5, 0]
					}
				},
				"wing7": {
					"rotation": {
						"0.2417": [0, 0, 0],
						"0.6": [0, 67.5, 0]
					}
				},
				"wing8": {
					"rotation": {
						"0.2417": [0, 0, 0],
						"0.6": [0, 67.5, 0]
					}
				},
				"body": {
					"rotation": {
						"0.0": [0, 0, 0],
						"6.0": [0, 10800, 0]
					}
				},
				"flare": {
					"scale": {
						"0.0": [0, 0, 0],
						"0.5": [0, 0, 0],
						"0.5417": [1.5, 1.5, 1.5],
						"0.5667": [0.6, 0.6, 0.6],
						"0.675": [0.75, 0.75, 0.75],
						"0.7833": [1.1, 1.1, 1.1],
						"0.8917": [1.05121, 1.05121, 1.05121],
						"1.0": [0.86056, 0.86056, 0.86056],
						"1.0583": [0.775, 0.775, 0.775],
						"1.1667": [0.97562, 0.97562, 0.97562],
						"1.275": [0.90085, 0.90085, 0.90085],
						"1.3833": [1.04249, 1.04249, 1.04249],
						"1.4417": [1.22, 1.22, 1.22],
						"1.55": [1.03425, 1.03425, 1.03425],
						"1.6583": [0.8379, 0.8379, 0.8379],
						"1.7667": [0.98218, 0.98218, 0.98218],
						"1.8583": [0.68, 0.68, 0.68],
						"1.9583": [0.75, 0.75, 0.75],
						"2.0667": [1.1, 1.1, 1.1],
						"2.175": [1.05121, 1.05121, 1.05121],
						"2.2833": [0.86056, 0.86056, 0.86056],
						"2.3417": [0.775, 0.775, 0.775],
						"2.45": [0.97562, 0.97562, 0.97562],
						"2.5583": [0.90085, 0.90085, 0.90085],
						"2.6667": [1.04249, 1.04249, 1.04249],
						"2.725": [1.22, 1.22, 1.22],
						"2.8333": [1.03425, 1.03425, 1.03425],
						"2.9417": [0.8379, 0.8379, 0.8379],
						"3.05": [0.98218, 0.98218, 0.98218],
						"3.1417": [0.68, 0.68, 0.68],
						"3.2417": [0.75, 0.75, 0.75],
						"3.35": [1.1, 1.1, 1.1],
						"3.4583": [1.05121, 1.05121, 1.05121],
						"3.5667": [0.86056, 0.86056, 0.86056],
						"3.625": [0.775, 0.775, 0.775],
						"3.7333": [0.97562, 0.97562, 0.97562],
						"3.8417": [0.90085, 0.90085, 0.90085],
						"3.95": [1.04249, 1.04249, 1.04249],
						"4.0083": [1.22, 1.22, 1.22],
						"4.1167": [1.03425, 1.03425, 1.03425],
						"4.225": [0.8379, 0.8379, 0.8379],
						"4.3333": [0.98218, 0.98218, 0.98218],
						"4.425": [0.68, 0.68, 0.68],
						"4.5333": [0.75, 0.75, 0.75],
						"4.6417": [1.1, 1.1, 1.1],
						"4.75": [1.05121, 1.05121, 1.05121],
						"4.8583": [0.86056, 0.86056, 0.86056],
						"4.9167": [0.775, 0.775, 0.775],
						"5.025": [0.97562, 0.97562, 0.97562],
						"5.1333": [0.90085, 0.90085, 0.90085],
						"5.2417": [1.04249, 1.04249, 1.04249],
						"5.3": [1.22, 1.22, 1.22],
						"5.4083": [1.03425, 1.03425, 1.03425],
						"5.5167": [0.8379, 0.8379, 0.8379],
						"5.625": [0.98218, 0.98218, 0.98218],
						"5.7167": [0.68, 0.68, 0.68]
					}
				}
			}
		}
	}
}